{"stat.walkOneCm":18822,"achievement.openInventory":8,"stat.killEntity.Chicken":1,"stat.killEntity.Killer Cow":1,"stat.entityKilledBy.Killer Cow":1,"stat.damageTaken":920,"stat.mineBlock.3":1,"stat.mobKills":57,"stat.killEntity.Creeper":4,"stat.entityKilledBy.Creeper":1,"stat.useItem.383":62,"stat.flyOneCm":105478,"stat.deaths":2,"stat.killEntity.PigZombie":18,"stat.drop":7,"stat.jump":51,"stat.swimOneCm":1052,"stat.playOneMinute":19416,"stat.fallOneCm":1498,"stat.killEntity.MushroomCow":1,"stat.killEntity.Sheep":5,"stat.useItem.3":45,"stat.killEntity.Villager":15,"stat.damageDealt":14915,"stat.killEntity.Pig":11,"achievement.exploreAllBiomes":{"value":0,"progress":["ForestHills","River","Forest"]},"stat.diveOneCm":570}