{"stat.useItem.383":26,"stat.flyOneCm":36080,"stat.deaths":1,"stat.walkOneCm":6865,"stat.drop":10,"stat.jump":16,"stat.swimOneCm":66,"stat.playOneMinute":7965,"achievement.openInventory":2,"stat.fallOneCm":480,"stat.entityKilledBy.Killer Cow":1,"stat.killEntity.Killer Cow":4,"stat.damageTaken":1230,"stat.killEntity.Villager":1,"stat.damageDealt":4000,"stat.mobKills":15,"stat.killEntity.Pig":1,"achievement.exploreAllBiomes":{"value":0,"progress":["Beach","Forest","River"]},"stat.killEntity.Creeper":9,"stat.diveOneCm":1425}